{
  "description": "Fission Yield HPC Sampler Parameters (Gaussian Approx)",
  "n_params": 14,
  "param_labels": [
    "w_a1",
    "w_b1",
    "mu_a1",
    "mu_b1",
    "sig_a1",
    "sig_b1",
    "w_a2",
    "w_b2",
    "mu_a2",
    "mu_b2",
    "sig_a2",
    "sig_b2",
    "sig_a3",
    "sig_b3"
  ],
  "gauss_mu": [
    -6.858956354531827,
    6.079157426428678,
    132.8906047617829,
    -0.05059617472362555,
    3.379426324597381,
    -0.007211204190223842,
    -6.86159633658889,
    -6.146660043533648,
    142.01684481069432,
    -0.027174581150967117,
    4.758997610260912,
    0.018348627525809253,
    9.898469330030018,
    0.016998848311451917
  ],
  "gauss_chol": [
    [
      0.024013722804456593,
      0.0,
      0.0,
      0.0,
      0.0,
      0.0,
      0.0,
      0.0,
      0.0,
      0.0,
      0.0,
      0.0,
      0.0,
      0.0
    ],
    [
      -0.0019913214682318104,
      0.02375232028540522,
      0.0,
      0.0,
      0.0,
      0.0,
      0.0,
      0.0,
      0.0,
      0.0,
      0.0,
      0.0,
      0.0,
      0.0
    ],
    [
      0.06560342110487362,
      0.01305114820597833,
      4.460015825492391,
      0.0,
      0.0,
      0.0,
      0.0,
      0.0,
      0.0,
      0.0,
      0.0,
      0.0,
      0.0,
      0.0
    ],
    [
      0.0038233862595048918,
      0.01708635547421912,
      0.014082099736164706,
      1.6908884296971125,
      0.0,
      0.0,
      0.0,
      0.0,
      0.0,
      0.0,
      0.0,
      0.0,
      0.0,
      0.0
    ],
    [
      0.014890210202846414,
      -0.0022946935808760317,
      0.00871731893592707,
      0.013680134903210944,
      1.6961431659021464,
      0.0,
      0.0,
      0.0,
      0.0,
      0.0,
      0.0,
      0.0,
      0.0,
      0.0
    ],
    [
      -0.0019342095706301173,
      -0.004634465470600166,
      0.0011153472863410442,
      0.008436142119040192,
      7.606625199013709e-05,
      0.8301823154927346,
      0.0,
      0.0,
      0.0,
      0.0,
      0.0,
      0.0,
      0.0,
      0.0
    ],
    [
      0.0017219592416833568,
      0.0020395425676213905,
      -9.589396430791124e-05,
      6.19996998301397e-05,
      -4.8663360150705575e-05,
      0.00012534825233563698,
      0.023997687940910863,
      0.0,
      0.0,
      0.0,
      0.0,
      0.0,
      0.0,
      0.0
    ],
    [
      -0.0020354470962543696,
      -0.002594833580670102,
      0.0002088285183255239,
      -3.576139297307046e-05,
      1.976660970577407e-05,
      -0.0001371058286338684,
      0.0021638398150517343,
      0.023375118466207774,
      0.0,
      0.0,
      0.0,
      0.0,
      0.0,
      0.0
    ],
    [
      0.015196279465019703,
      0.035365258542689376,
      1.0177672607196122,
      0.0022816450782270838,
      -0.022151137063869068,
      0.017622193932457824,
      0.020261828110970485,
      -0.016092688028114543,
      4.406111214552397,
      0.0,
      0.0,
      0.0,
      0.0,
      0.0
    ],
    [
      0.0010829604610313724,
      -0.015170832348780297,
      0.01217884116829135,
      -0.016280549853771527,
      -0.0022998181132849785,
      -0.005275572188366951,
      0.0011562786601760498,
      0.0016605011665130401,
      0.0011314110072492875,
      1.6800641691783538,
      0.0,
      0.0,
      0.0,
      0.0
    ],
    [
      -0.01215863384841802,
      -0.00199626319130642,
      0.019209670494876915,
      0.006345579471237588,
      -0.020595359080836175,
      -0.008265928540012346,
      -0.011732347921537038,
      -0.0019965461740669493,
      -0.007966943759053989,
      -0.0023695199698520433,
      1.9041012092659282,
      0.0,
      0.0,
      0.0
    ],
    [
      0.006941864422605934,
      -0.0046562090542344,
      -0.0020430209259191573,
      -0.009912189580572417,
      0.0011162938184878322,
      -0.00751558689854121,
      -0.009504579538389318,
      -0.004780672645607058,
      0.012609413719625671,
      -0.0057562261327886305,
      -0.0031847636765041532,
      0.831939609732311,
      0.0,
      0.0
    ],
    [
      -0.02087535352796838,
      -0.008490196233602833,
      -0.017310162525645142,
      -0.006433666442184102,
      0.004433685451511686,
      0.021152064673499782,
      -0.03664165878632677,
      -0.020581613995439476,
      0.01849207803108269,
      0.017452337074034253,
      0.010142131747059122,
      0.006994830760348148,
      2.515666028879768,
      0.0
    ],
    [
      -0.0005130334178120323,
      0.0015304976352398375,
      -0.0011286422081159882,
      0.005918392381762134,
      -0.004277646969125571,
      0.0019384806056405083,
      -0.0008493813815003512,
      0.0013141578335516607,
      -0.002389525342967526,
      0.00024051942705424282,
      -0.002710807649132225,
      0.002025559528490094,
      -0.005016671230576955,
      0.8457770136813361
    ]
  ]
}