{
  "description": "CGMF TKE HPC Sampler - Subset A",
  "nomenclature": "Official Parameter Registry",
  "n_params": 4,
  "n_free": 4,
  "param_labels": [
    "tke_en_a",
    "tke_en_e0",
    "tke_en_b",
    "tke_en_d"
  ],
  "gauss_mu": [
    170.72929927830174,
    0.6841131009663969,
    0.6869718896345468,
    -0.146639092153479
  ],
  "gauss_chol": [
    [
      0.2629767673428276,
      0.0,
      0.0,
      0.0
    ],
    [
      -0.2302730758961733,
      0.15622480352694068,
      0.0,
      0.0
    ],
    [
      -0.08572922892724551,
      -0.1579512956421775,
      0.08270965950290603,
      0.0
    ],
    [
      -0.00020055001824786768,
      -0.00031625064855299995,
      -0.0008310010294363849,
      0.002515152776029565
    ]
  ]
}